id,location,lat,lon,state,live_risk,as_of_date
GLC57,"Sikkim, 13 km north of Gangtok",27.4459,88.6193,Sikkim,0.6076806242569249,2026-09-14
GLC78,"Pangthang, on road b/t Gangtok and North Sikkim",27.3383,88.6069,Sikkim,0.694877591130595,2026-09-14
GLC126,Bardang near Singtam,27.1499,88.38,Sikkim,0.2086517093814533,2026-09-14
GLC141,Singtam,25.38,91.88,Meghalaya,0.5209211945232006,2026-09-14
GLC147,Lawngtlai,22.533,92.899,Mizoram,0.8085601302579956,2026-09-14
GLC148,Saiha,22.479,92.967,Mizoram,0.5576423562972699,2026-09-14
GLC212,National Highway No 44 at Sonarpur in Meghalaya,25.5576,91.8506,Meghalaya,0.32892277071812315,2026-09-14
GLC213,Shillong Road at Kuliang in the Jaintia Hills,25.2946,92.8339,Assam,0.33714090219372816,2026-09-14
GLC215,Phesema area at National Highway 39,25.7428,93.9136,Nagaland,0.2794456763861076,2026-09-14
GLC220,"Velnal village, Tamei sub-division and Toribari village (3 kilometer toward Tamei from Kangpokpi)",25.1333,93.9667,Manipur,0.10555535780169728,2026-09-14
GLC247,"Lower Shajouba village near Tadubi along NH 39, Manipur",25.0604,93.9877,Manipur,0.408029800944099,2026-09-14
GLC256,Rhodong village near Rhey in East Sikkim,27.3425,88.6236,Sikkim,0.6908905932317698,2026-09-14
GLC255,Wamkhu village along the Tengnoupal-Joupi road in Chandel district,24.2451,94.0691,Manipur,0.6223471987717197,2026-09-14
GLC258,"NH-39 at Imphal-Moreh section, Lokchao largest event",24.4279,94.0564,Manipur,0.24110081657849872,2026-09-14
GLC269,Geyzing-Jorethang road and Naya Bazar-Legship road,27.2872,88.2816,Sikkim,0.5610942516423849,2026-09-14
GLC285,"National Highway, 45 Aizwal (Mizoram)",24.1293,92.6921,Mizoram,0.7300158072082955,2026-09-14
GLC322,National Highway 53 at Nungba in Tamenglong district of Manipur,24.75,93.4333,Assam,0.17704935694368054,2026-09-14
GLC545,"A Cachar District village, near village of Srinager, Assam",24.9849,92.8411,Assam,0.4962676582996169,2026-09-14
GLC580,"near Kuloor church, in Manipur along National Highway",24.6596,93.9784,Manipur,0.23531422626562415,2026-09-14
GLC585,"Itanagar-Naharlagun, Arunachal Pradesh",27.0998,93.6287,Arunachal Pradesh,0.32454416609483,2026-09-14
GLC587,"Lakhimpur district, Bihpuria, Assam",27.2298,94.0989,Assam,0.39559338321310783,2026-09-14
GLC594,"Namkaoluang village, Tamenglong-Sangrung (Khongsang) road, NH-53, Manipur",24.9336,93.8275,Manipur,0.20795705586871974,2026-09-14
GLC692,"National Highway-39, Dimapur-Imphal road and another under Kiphire district of Nagaland",25.705,94.04,Nagaland,0.29007003861317626,2026-09-14
GLC714,"Kimin-Ziro road in Papum Pare district, road between Doimukh and Sagalee, Doimukh-Hoj road; Arunacha",27.163,94.0,Assam,0.4344876647432179,2026-09-14
GLC731,"Akuk village, Wokha District, Nagaland",26.138,94.25,Nagaland,0.5586432706482338,2026-09-14
GLC755,"Ranka, Sikkim and Louing road",27.337,88.609,Sikkim,0.8028342399644218,2026-09-14
GLC760,"Kohima, Nagaland",25.67,94.1066,Nagaland,0.7081931219698744,2026-09-14
GLC870,"West Kameng, Arunachal Pradesh",27.4,92.35,Arunachal Pradesh,0.45600908004815416,2026-09-14
GLC869,North Lakhimpur,27.2333,94.1167,Assam,0.25511752002251087,2026-09-14
GLC868,"Kamrup, and Sonitpur, Assam",26.3333,91.25,Assam,0.2922099044058448,2026-09-14
GLC1061,"4th Mile, Lower Mangshila in North Sikkim",27.478,88.527,Sikkim,0.6127098717668852,2026-09-14
GLC1084,"Upper Subansiri District, Arunanchal Pradesh",27.7,92.8,Arunachal Pradesh,0.3252367677733002,2026-09-14
GLC1109,Lumding-Badarpur section in North Cachar Hills district,25.5215,93.1645,Assam,0.05442536323099192,2026-09-14
GLC1112,"NH31A, Mile 27 near Rambi",27.1761,88.5287,Sikkim,0.3905638655937594,2026-09-14
GLC1108,"Tamei, Tamenglong district on Imphal-Tamenglong (IT) road",24.9925,93.5,Assam,0.20571163222610217,2026-09-14
GLC1125,"17th Mile towards Tsomgo Lake, near Kyongsala, Sikkim",27.3746,88.7648,Sikkim,0.4615891666059253,2026-09-14
GLC1127,between Mahur and Phaiding railway stations on Barail hills (Mahur and Barail hills located),25.1718,93.123,Assam,0.2828694102199636,2026-09-14
GLC1129,"Road stretch from Gammom to Chamu village, under Kamjong block, Ukhrul district, Manipur",24.8628,94.4182,Manipur,0.50380307773648,2026-09-14
GLC1168,"4th Mile on road between Rongli, Rhenock and Rangpo in East Sikkim.",27.1954,88.6115,Sikkim,0.5759620214365879,2026-09-14
GLC1222,"Chhinga Veng, Aizawl",23.73478778,92.72124394,Mizoram,0.879812193539347,2026-09-14
GLC1596,"LangthAbal Khoupum, Imphal, Manipur",24.7339,93.9161,Manipur,0.33466047924834497,2026-09-14
GLC1611,"Paglanala village, Dholai Block, near Dwarbandh locality of the district, Cachar district (could onl",25.1553,93.028,Assam,0.39574272874251126,2026-09-14
GLC1613,"Koloriang, Kuring Kumey district, Arunachal Pradesh",27.8997,93.3497,Arunachal Pradesh,0.1801090799065943,2026-09-14
GLC1755,"Natl. Highway 31-A at Pani House(?), Gangtok",27.3341,88.6083,Sikkim,0.670499473258386,2026-09-14
GLC1756,"Nam Nang, Gangtok",27.322,88.6087,Sikkim,0.6314088008577871,2026-09-14
GLC1771,"Raj Bhavan Guwahati, Assam",26.1978,91.7665,Assam,0.6264205389614547,2026-09-14
GLC1770,"Kharghuli, Guwahati, Assam",26.1965,91.763,Assam,0.7478562893645849,2026-09-14
GLC1775,Arunachal Pradesh,27.8965,96.1779,Arunachal Pradesh,0.1946086135339537,2026-09-14
GLC1857,"National highway 44 at Sunapur and Tongseng in Jaintia Hills district, eastern Meghalaya",25.3433,92.2897,Meghalaya,0.3046209447420424,2026-09-14
GLC1930,"Anini-Roing road,  Dibang Valley,  Arunachal Pradesh",28.4298,95.8776,Arunachal Pradesh,0.19583219047474296,2026-09-14
GLC1929,"North Sikkiim Highway, periphery of Gangtok, Sikkim East district",27.3543,88.6428,Sikkim,0.6558682144988848,2026-09-14
GLC1935,"atharamura hills, Highway 44, Tripura",23.8986,91.7599,Tripura,0.5989976051706771,2026-09-14
GLC1934,Rongpur village under Bhairabhnagar panchayat in Karimganj district,24.6005,92.3814,Assam,0.6499529119839766,2026-09-14
GLC1954,"Irang(?) and Barak(?) and Makru(?) on highway 53 between Imphal and Jiribam, Manipur",24.7543,93.5039,Manipur,0.10207667742104193,2026-09-14
GLC1961,"Ishok Chingphu(?), Bishnupur, Assam",25.8833,91.2,Meghalaya,0.8137271979911235,2026-09-14
GLC1994,"rails between Jatinga and Longrangjao(?), Assam",25.0633,92.8025,Assam,0.6546958842406224,2026-09-14
GLC1996,"Shayoung Ward(?), Longleng, Nagaland",26.4333,94.8833,Nagaland,0.2896704328527969,2026-09-14
GLC2025,"Police CID complex(?), Shillong, Meghalaya",25.5728,91.885,Meghalaya,0.5479463192375202,2026-09-14
GLC2026,"Borsorsa(?), West Khasi Hills, Meghalaya",25.4916,91.2698,Meghalaya,0.44005634572126495,2026-09-14
GLC2045,"Tuensang, Nagaland",26.2363,94.8133,Nagaland,0.5421095953077708,2026-09-14
GLC2044,"Kiphire,  Nagaland",25.8877,94.7861,Nagaland,0.49861347573529885,2026-09-14
GLC2042,"Zunheboto, Nagaland",26.0093,94.5238,Nagaland,0.4620370608786279,2026-09-14
GLC2098,"Jahjon ward(?), Mon town, Nagaland",26.7215,95.0283,Nagaland,0.4179387471999807,2026-09-14
GLC2106,"road to Oting near Longlam village, 13 km from Tizit subdivision, Mon district, Nagaland",26.8716,94.9921,Nagaland,0.23018551499807655,2026-09-14
GLC2113,"Singtam-Mangan rd, Sikkim",27.3773,88.559,Sikkim,0.5676188236623306,2026-09-14
GLC2112,"Zang(?), east Sikkim",27.5509,88.6475,Sikkim,0.5371109181712513,2026-09-14
GLC2140,"road between Halfong and Redzol(?) or Silchar, Assam",25.0477,92.801,Assam,0.5772889394060333,2026-09-14
GLC2164,"Chingai-Kuingai(Quingai) route (16 kms), Chingai subdivision, Ukhrul district, Manipur",25.3098633,94.48214677,Manipur,0.3040542102173743,2026-09-14
GLC2166,"Highway 53 at Tupul, Tamenglong district",24.9786,93.5027,Assam,0.1639739543502887,2026-09-14
GLC2182,Dimapur-Imphal highway (NH 39) near Manipur,24.9356,93.8443,Manipur,0.10789101188133707,2026-09-14
GLC2205,"Dawrpui Vengthar cemetary, Aizwal, Mizoram",23.7365,92.7146,Mizoram,0.7144820834185265,2026-09-14
GLC2243,"NH-39 near Kohima Municipality Council(KMC) dumping ground, between Zubza(Sechu) and Kohima, Nagalan",25.70223725,94.04619681,Nagaland,0.3141364793224934,2026-09-14
GLC2249,"Kiphire-Tuensang rd, Nagaland",26.0814,94.803,Nagaland,0.5139566048101715,2026-09-14
GLC2248,"Noklak-Tuensang road, Nagaland",26.222,94.9152,Nagaland,0.566932954132087,2026-09-14
GLC2253,"Chingai-Kuingai(Quingai) route (16 kms), Chingai subdivision, Ukhrul district, Manipur",25.31006064,94.48265093,Manipur,0.30940083078833175,2026-09-14
GLC2282,"Tuensang-Kohima rd, 3 km outside Tuensang, Nagaland",26.1984,94.8158,Nagaland,0.49884883627669757,2026-09-14
GLC2283,"2 km from Khongsang village(?), road between Tamenglong and Imphal or Nungba, Manipur",24.8961,93.4957,Manipur,0.2431043784803705,2026-09-14
GLC2281,"Kisima, Nagaland",25.61560252,94.11603493,Nagaland,0.649924629729834,2026-09-14
GLC2296,"many locations around Namchi, Sikkim",27.167,88.3652,Sikkim,0.2895745880087178,2026-09-14
GLC2304,"NH 39 at Kigwema(?), between Mao Gate and Kohima, Nagaland",25.5718,94.1211,Nagaland,0.3581442771869344,2026-09-14
GLC2344,"NH-53 at Nungba police station, Kambirong(?), Manipur",24.7505,93.4221,Assam,0.22588455951119923,2026-09-14
GLC2343,"NH-39 at Ekai village(?), 2 km for Tadubi, Manipur",25.4786,94.1327,Nagaland,0.44751285770878746,2026-09-14
GLC2345,"Daragaon(?), Gangtok city, Sikkim",27.3392,88.6188,Sikkim,0.6267389703811684,2026-09-14
GLC2392,"17th mile(?), Jawaharlal Nehru Marg hwy, between Gangtok and Nathu La, Sikkim",27.3702,88.7334,Sikkim,0.4311145774641199,2026-09-14
GLC2405,"Mossing(Mosing) village(?), Upper Siang district, Arunachal Pradesh",28.3036,95.4112,Arunachal Pradesh,0.44658375319464677,2026-09-14
GLC2411,"districts Lakhimpur, Dhemaji, Golaghat, and Sonitpur, Assam province",27.0011,93.7273,Arunachal Pradesh,0.40077712591729364,2026-09-14
GLC2424,"near Tuivawl(?), Aizawl-Champhai rd, Aizawl district, Mizoram",23.591,92.9296,Mizoram,0.5775443188367586,2026-09-14
GLC2421,"road to Muanna Godown, Zuangtui, Mizoram",23.75406693,92.74128531,Mizoram,0.637345423928128,2026-09-14
GLC2422,"Hunthar Veng, Mizoram",23.74182634,92.7141905,Mizoram,0.6571617764590889,2026-09-14
GLC2426,"Hual(Hu) village(?), Lunglei-Lawngtlai rd, Mizoram",22.7176,92.8416,Mizoram,0.6685751469041022,2026-09-14
GLC2423,"road to Kanan Veng from Hunthar Veng, Mizoram",23.73504471,92.71060943,Mizoram,0.8946890641399553,2026-09-14
GLC2425,"near Tuichang(?) on Tuichang river, Aizawl-Champhai rd, Mizoram",23.3439,93.0748,Mizoram,0.5897356455136259,2026-09-14
GLC2436,"Taithu village, Churanchandpur district, Mizoram, Manipur",24.3069,93.125,Mizoram,0.617719551648934,2026-09-14
GLC2437,"Aizawl-Lengpui rd 3km from Aizawl, Mizoram, Manipur",23.7527,92.694,Mizoram,0.6654916272107654,2026-09-14
GLC2566,"Sahong, Tabu and Pani village under Tadubi police station of Senapati district, NH-39",25.4769,94.1351,Nagaland,0.3070428199828035,2026-09-14
GLC2567,"Phek, Manipur",25.6633,94.4703,Manipur,0.4764612502240506,2026-09-14
GLC2570,"Tharon(?) and Langol Tarung villages, Thangmeiband constituency, Imphal, Manipur",24.837,93.9128,Manipur,0.0990196224064439,2026-09-14
GLC2569,"Bungte Chiru village(?), Senapati district, Manipur",25.2745,94.0212,Nagaland,0.19029664292690865,2026-09-14
GLC2568,"Nungba, Tamenglong, Manipur",24.7679,93.4108,Assam,0.12964194692506298,2026-09-14
GLC2578,"NH-39 in Karong area, Manipur",25.3179,94.0462,Nagaland,0.28582648352712864,2026-09-14
GLC2575,"road between Haflong and Lanka, Assam",25.5242,92.9914,Assam,0.1789068942363296,2026-09-14
GLC2577,"NH-39 near Khongnem(?) village, between Imphal and Dimapur, Manipur",25.5265,93.8673,Nagaland,0.27760432280487446,2026-09-14
GLC2576,"NH-39 at Tobio village(?), 7 km form Tadubi, Manipur",25.4788,94.1399,Nagaland,0.4496131499629194,2026-09-14
GLC2579,"Lower Pezielietsie(Tinpati), Kohima, Manipur",25.682,94.1076,Nagaland,0.668885419947653,2026-09-14
GLC2587,"Lower Chandmari area, PWD department, Kohima, Manipur",25.6623,94.1072,Nagaland,0.5021885588724723,2026-09-14
GLC2743,"Tawang Monastery, Arunachal Pradesh",27.5798729,91.85672387,Arunachal Pradesh,0.28567744930954764,2026-09-14
GLC3269,"road from other districts to Hawai(Tawai?) which is  on Lojit river, near Hayuliang,  Anjaw district",28.0791,96.5242,Arunachal Pradesh,0.1517577133967028,2026-09-14
GLC3525,"Kaiphundai(?)-Tousem(in Assam) road, Tamenglong district, Manipur",25.0672,93.4093,Assam,0.09187337345860881,2026-09-14
GLC3532,"Silchar-Haflong rd., at Reko(Rekha )(?), near Harangajao, Barail Hills, Assam",25.0888,92.8551,Assam,0.6934648559849785,2026-09-14
GLC3560,"Gaoilung(Gadailong) village(?), Ward 4(?), Tamenglong, Manipur",24.8286,93.5935,Manipur,0.20321641301113505,2026-09-14
GLC3556,"Roads between Tamei(Tamma?), Kangpokpi and Chalwa, Manipur",25.1555,93.8474,Manipur,0.31553359684949384,2026-09-14
GLC3633,Mokokchung,26.3186,94.5121,Nagaland,0.771846852176151,2026-09-14
GLC3637,"Lasumi village in Phek district, Kohima",25.51614662,94.2341227,Nagaland,0.43518045402085626,2026-09-14
GLC3663,"Ruzapfu valley, Kikruma Village, Phek District, Nagaland",25.6682,94.1099,Nagaland,0.506587431214072,2026-09-14
GLC3662,"Ikou-Gangpijang road, near: Ikou, Saikul, and Gangpijang; Imphal India",25.03561729,94.0144205,Manipur,0.12804931391349955,2026-09-14
GLC3672,"Portions of NH 39, Connectin Manipur with Assam via Nagaland",25.5125,93.3613,Assam,0.08907199012469419,2026-09-14
GLC3683,NH-61 between Botsa and Chiechama,25.8782,94.1739,Nagaland,0.6172087940305254,2026-09-14
GLC3738,"National Highway 53, Sinam Khul (near Kotlen; ~25 km from Imphal)",24.8063,93.9482,Manipur,0.19670748405054206,2026-09-14
GLC3741,Maram (80 km north of Imphal),25.4191,94.1079,Nagaland,0.2662279950966693,2026-09-14
GLC3760,"NH-61, 1 km before reaching Botsa",25.6703,94.1095,Nagaland,0.7084803141012831,2026-09-14
GLC3776,Itanagar/Naharlagur/Nirjuli,27.125,93.7145,Arunachal Pradesh,0.5483463939598741,2026-09-14
GLC3789,Mebua (8 km from Seppa),27.2743,92.9064,Arunachal Pradesh,0.07084649416263877,2026-09-14
GLC3806,"Itanagar (one near Pachali power house, one near Heema Hospital, and one nearRomik Colony at P Secto",27.1032,93.6884,Arunachal Pradesh,0.27379135499619767,2026-09-14
GLC3805,200 meters from Teesta Bridge towards Siliguri,27.05374234,88.42572376,Sikkim,0.37142377783034847,2026-09-14
GLC3830,Manipur,24.3527,94.3429,Manipur,0.5600548308817137,2026-09-14
GLC3837,NH 37,26.5836,93.0038,Assam,0.1935604138354824,2026-09-14
GLC3840,Manipur,24.6869,93.9157,Manipur,0.21167854448834786,2026-09-14
GLC3860,"Maram, Manipur",25.4192,94.108,Nagaland,0.26122799509666933,2026-09-14
GLC3881,Itanagar,27.1034,93.6885,Arunachal Pradesh,0.27901538097022366,2026-09-14
GLC3912,East Kameng district in Arunachal Pradesh bordering China,27.44,92.2833,Arunachal Pradesh,0.24218693101522132,2026-09-14
GLC3916,"Chumukedima, Dimapur",25.7713,93.8067,Assam,0.38006197574078837,2026-09-14
GLC3925,"East Kameng, Arunachal Pradesh",27.4888,93.0153,Arunachal Pradesh,0.329244232091344,2026-09-14
GLC3965,NH 37 at Awang Khul,24.808,93.117,Assam,0.4204737798152982,2026-09-14
GLC3983,"Maighuli, Guwahati, Meghalaya",26.1548,91.7351,Assam,0.6501388873591235,2026-09-14
GLC4241,Tamei constituency in Tamenlong district,25.1604,93.6795,Manipur,0.2637258357902386,2026-09-14
GLC4313,"Endulin Nallah, Mayodia, 17-camp, 83-camp",28.4659,95.86,Arunachal Pradesh,0.12972935209234174,2026-09-14
GLC4377,"Guwahati, Assam",26.1475,91.7356,Assam,0.6140021562974173,2026-09-14
GLC4378,"Arunachal Pradesh, Dibang,",28.8254,96.1517,Arunachal Pradesh,0.517223556405343,2026-09-14
GLC4382,"between Harangajao and Mailongdisa, Assa,",25.1175,92.8573,Assam,0.30129808449993356,2026-09-14
GLC4385,"lachen, Sikkim",27.7167,88.5577,Sikkim,0.5585256663145429,2026-09-14
GLC4394,"Rolep, South Sikkim( Mapping to Rhenock 12 miles from Rolep)",27.1748,88.6458,Sikkim,0.6614047109496478,2026-09-14
GLC4393,"Nathang Maong, Sikkim",27.7565,88.632,Sikkim,0.34871315861425195,2026-09-14
GLC4403,"Imphal-Jiribam section of NH-37 , Manipur",24.8142,93.5444,Manipur,0.15252561263862016,2026-09-14
GLC4407,"NH44, Malidhor area,  Baleswar",25.0951,92.3567,Assam,0.5060432058393449,2026-09-14
GLC4408,"NH44, Kuliang",25.5498,92.0757,Meghalaya,0.4180579228475266,2026-09-14
GLC4424,"Lalunggaon, Guwahati,  Assam",26.149,91.7351,Assam,0.6369736479895296,2026-09-14
GLC4426,Lalunggaon near Gorchuk area,26.1226,91.7162,Assam,0.733061113498284,2026-09-14
GLC4435,"Tirap , Arunachal Pradesh",27.174,95.8011,Arunachal Pradesh,0.24648773647253094,2026-09-14
GLC4436,"Khonsa, Arunachal Pradesh",26.9986,95.4993,Arunachal Pradesh,0.1739103249553722,2026-09-14
GLC4434,"Sonaighuli area near Kahilipara, Guwahati City, Assam",26.1049,91.7369,Assam,0.6217821556342997,2026-09-14
GLC4446,"Tuting, Upper Siang , Arunachal Pradesh",28.9986,94.8885,Arunachal Pradesh,0.17264776605331858,2026-09-14
GLC4556,"Namchi to Phongla, Namchi to Melli ,Namchi to Sumbuk",27.1675,88.3651,Sikkim,0.27621161024585117,2026-09-14
GLC4570,Arunachal Pradesh,27.8458,95.2253,Arunachal Pradesh,0.08069323808981572,2026-09-14
GLC4610,"Dapchhuah, Mamit, Mizoram",23.7705,92.5217,Mizoram,0.6160093464564437,2026-09-14
GLC4757,"East Siang, Arunachal Pradesh",28.1193,95.1645,Arunachal Pradesh,0.3700011498890658,2026-09-14
GLC4798,"Dibang Valley, Arunachal Pradesh",28.8254,96.1509,Arunachal Pradesh,0.5245370245386048,2026-09-14
GLC4845,"Kolasib, Saiha, Mizoram,",24.2315,92.6755,Mizoram,0.5899187098236408,2026-09-14
GLC4858,"Nursery, North Guwahati, Guwahati, Assam,",26.1662,91.7138,Assam,0.6688726494898836,2026-09-14
GLC4859,"Sarania Hills, North Guwahati, Guwahati, Assam,",26.1771,91.7599,Assam,0.66480522241612,2026-09-14
GLC4857,"Laipuitland , Aizawl, Mizoram",23.7281,92.7175,Mizoram,0.6266335134432629,2026-09-14
GLC4860,"Boragaon, North Guwahati, Guwahati, Assam,",26.1016,91.6906,Assam,0.5801756522642094,2026-09-14
GLC4892,Upper Subansiri,27.8776,94.25,Arunachal Pradesh,0.3442091331192051,2026-09-14
GLC4906,"Helipong-Chessore Road, Nagaland",26.0977,94.7499,Nagaland,0.5282573637595623,2026-09-14
GLC4905,"Kuthur – Huker Road Via Y Anner, Chessore, Nagaland",26.0977,94.7031,Nagaland,0.5135689702291729,2026-09-14
GLC4908,"15 Km From Gangtok, Himalayans",27.3721,88.708,Sikkim,0.4314596988884244,2026-09-14
GLC4990,"Near Changu Lake, 15Km Away From Nathu La, On India-China Border In Eastern Sikkim",27.3765,88.7628,Sikkim,0.4889490066911428,2026-09-14
GLC5006,"Thillong Village, Doyang Along State Highway 1, Wokha To Merapani Road",26.1147,94.3864,Nagaland,0.746443319781843,2026-09-14
GLC5005,"Walo Ward, Mon Town, Wokha District, Nagaland",26.72,95.029,Nagaland,0.4459595655559744,2026-09-14
GLC5084,"National Highway 2 Near Phesama Village Close To Kisama Naha Heritage Site, Kohima District, Nagalan",25.616,94.1167,Nagaland,0.6584847656529992,2026-09-14
GLC5087,"National Highway 29 Near Phesama Village, Nagaland",25.6269,94.1139,Nagaland,0.719033774911531,2026-09-14
GLC5122,"National Highway 29 Between Patkai Bridge And Kukidolong, Nagaland",25.7658,93.9413,Nagaland,0.442314686042667,2026-09-14
GLC5123,"National Highway 2 Near Meriema Village, 10 Km Away From Kohima",25.7131,94.0885,Nagaland,0.4048051631910215,2026-09-14
GLC5250,"Polo River At Polosang, Arunachal Pradesh",27.8837,93.0515,Arunachal Pradesh,0.3635389724369269,2026-09-14
GLC5271,"Nanga, Nagaland",26.284,94.5808,Nagaland,0.54637599923216,2026-09-14
GLC5268,"Zunheboto, Nagaland",26.0137,94.5163,Nagaland,0.36437871846439684,2026-09-14
GLC5269,"Tizu, Nagaland",25.8376,94.5234,Nagaland,0.20039013694123894,2026-09-14
GLC5270,"Phizo, Nagaland",26.0481,94.4619,Nagaland,0.41706483249863885,2026-09-14
GLC5273,"Zhekuto, Nagaland",26.1807,94.5497,Nagaland,0.5586924999299457,2026-09-14
GLC5272,"Longsa, Nagaland",26.2083,94.5438,Nagaland,0.7993802907837874,2026-09-14
GLC5274,"Suruhuto Town, Nagaland",26.0838,94.564,Nagaland,0.30147737339222497,2026-09-14
GLC5275,"Suruhuto Town, Nagaland",26.1498,94.6055,Nagaland,0.5505537975329033,2026-09-14
GLC5300,"Senapati, Manipur",25.318,94.0441,Nagaland,0.28527907913999956,2026-09-14
GLC5312,Kangtsung Village,26.7103,94.693,Assam,0.44577136818783286,2026-09-14
GLC5427,"Koide Government High School, Senapati, Manipur",25.3833,94.1884,Nagaland,0.17856964733936137,2026-09-14
GLC5338,"Longlem, Nagaland",26.8727,94.9275,Assam,0.26575453796063164,2026-09-14
GLC5337,"Yakshu, Nagaland",26.4205,94.9731,Nagaland,0.3251567577876168,2026-09-14
GLC5336,"Tobu, Nagaland",26.3897,94.9439,Nagaland,0.33745238024723806,2026-09-14
GLC5343,The Imphal-Jiribam Section Of Nh-37 In Tamenglong District,24.7625,93.4341,Assam,0.33635358363833034,2026-09-14
GLC5431,"Tamenglong, Manipur",24.9829,93.5063,Assam,0.18403503836512278,2026-09-14
GLC5430,"Tamenglong- Khongsang Road, Manipur",24.9037,93.487,Manipur,0.4878439668887003,2026-09-14
GLC5429,Tamabong Village In Sikkim State,27.3425,88.2426,Sikkim,0.5608504032059168,2026-09-14
GLC5442,Arunachal Pradesh,27.1614,93.7525,Arunachal Pradesh,0.3891406640057182,2026-09-14
GLC5441,"Gosang Village Under Jengging Circle, Arunachal Pradesh",28.611,94.9829,Arunachal Pradesh,0.31236401641556,2026-09-14
GLC5476,14 Milestone Of J N Marg Near Kyangnosola (East Sikkim),27.3736,88.7323,Sikkim,0.44788311210492376,2026-09-14
GLC5552,"Ukhrul, Manipur",25.0985,94.3619,Manipur,0.3839087689196403,2026-09-14
GLC5575,"Chiechama, Nagaland",25.8266,94.1497,Nagaland,0.5601482046206426,2026-09-14
GLC5582,"Batahguli, Guwahati, Assam",26.1309,91.8383,Assam,0.7519511503769936,2026-09-14
GLC5603,"Tusom, Manipur",25.426,94.6024,Manipur,0.4699652524067118,2026-09-14
GLC6015,Lohit District of Arunachal Pradesh,27.9032,96.174,Arunachal Pradesh,0.2127314768913178,2026-09-14
GLC6016,"Satgarakul Village, Karimganj, Assam State",24.8669,92.3576,Assam,0.34754757258709307,2026-09-14
GLC6105,Arunachal Pradesh,28.9205,95.3429,Arunachal Pradesh,0.4921883926018155,2026-09-14
GLC6106,Narakasur,26.1407,91.7645,Assam,0.8097889122165286,2026-09-14
GLC6107,Bamunimaidam,26.1844,91.7896,Assam,0.7126771035754358,2026-09-14
GLC6110,"Bhangagarh, Assam",26.1619,91.7697,Assam,0.7515521067560911,2026-09-14
GLC6143,"Zembabawk, Aizawl",23.7327,92.7463,Mizoram,0.7795539206941018,2026-09-14
GLC6513,Sabroom,23.0137,91.7174,Tripura,0.4268282410234097,2026-09-14
GLC6200,Arunachal Pradesh/Itanagar,27.0869,93.6086,Arunachal Pradesh,0.32417061322686186,2026-09-14
GLC6288,Noonmati,26.1985,91.7998,Assam,0.7723277417569477,2026-09-14
GLC6283,Dakhingaon,26.1314,91.7548,Assam,0.6520404889589824,2026-09-14
GLC6286,Garchuk,26.1044,91.7082,Assam,0.6647630172282432,2026-09-14
GLC6284,Batahghuli,26.1324,91.8342,Assam,0.7267398385566909,2026-09-14
GLC6287,Dhirenpara,26.1295,91.7056,Assam,0.7456617358543373,2026-09-14
GLC6285,VIP Road,26.159,91.8178,Assam,0.5672556958665328,2026-09-14
GLC6292,Hatsingimari,25.7238,89.9032,Assam,0.20265566051283973,2026-09-14
GLC6290,Mawbah under Mawprem area,25.5772,91.8666,Meghalaya,0.47273081905427367,2026-09-14
GLC6222,Karsingsa block point,27.1249,93.7706,Arunachal Pradesh,0.5322692890843769,2026-09-14
GLC6293,South West Garo Hills,25.5006,90.0896,Meghalaya,0.2740672480995124,2026-09-14
GLC7591,Ratacherra,25.0318,92.4584,Assam,0.41894153429235137,2026-09-14
GLC7031,"Bop, Sikkim",27.6163,88.6586,Sikkim,0.46537096069257694,2026-09-14
GLC6971,"Itanagar, Arunachal Pradesh",27.0987,93.816,Arunachal Pradesh,0.8951756142464877,2026-09-14
GLC6968,"Ratacherra village along the NH-44 connecting to Barak Valley in Assam and Tripura, Meghalaya, Mizor",25.463,92.2121,Meghalaya,0.2248688149803294,2026-09-14
GLC6969,"Nakham Bazaar, Tura, Meghalaya",25.5114,90.215,Meghalaya,0.6073461843901368,2026-09-14
GLC6970,Akonggre,25.5084,90.2191,Meghalaya,0.6674452745832508,2026-09-14
GLC6963,"Muanna locality, Mizoram",23.7131,92.7362,Mizoram,0.6192127020646405,2026-09-14
GLC6945,"amei to Kangpokpi via Imphal road, 0.5 km from Tamei, Tamenglang District",25.16,93.686,Manipur,0.41376705808115594,2026-09-14
GLC6990,"New Land (""""New Colony"""")",26.0319,94.5466,Nagaland,0.5432329634298158,2026-09-14
GLC7214,Type-IV Colony of Seppa in East Kameng,27.36,93.0385,Arunachal Pradesh,0.29142341376737463,2026-09-14
GLC7263,"15 kms from Maram, National Highway-102/A (Maram Peren road)",25.4477,94.0489,Manipur,0.24834640068711838,2026-09-14
GLC7264,22 kms to 30 kms between Sangkungmai and Willong,25.4538,93.9827,Manipur,0.4520007901651163,2026-09-14
GLC7253,Lakhipur,24.7979,92.9974,Assam,0.2524191714001142,2026-09-14
GLC7265,Willong-Yangkhullen stretch,25.5007,93.9854,Manipur,0.22045096698442138,2026-09-14
GLC7266,Yangkhullen-Tamphung road till Nagaland border,25.5098,93.8794,Manipur,0.24239940514685945,2026-09-14
GLC7279,Tamenglong Ward No-IV,24.9818,93.5142,Manipur,0.09955640560148118,2026-09-14
GLC7276,,26.1062,91.8717,Assam,0.6452151162549804,2026-09-14
GLC7364,Phungyar road,24.819,94.3551,Manipur,0.6324370190141063,2026-09-14
GLC7372,Naga Gate along the Ukhrul-Imphal route,25.0634,94.3415,Manipur,0.4630461302295446,2026-09-14
GLC7370,between Moltuk to New Songjang village,24.1419,94.1078,Manipur,0.6499812009000004,2026-09-14
GLC7385,"Holenjang, Chandel district",24.004,93.9815,Manipur,0.6400800783079572,2026-09-14
GLC7369,between Chalong and Paraolon,24.1988,94.1016,Manipur,0.8176474608435703,2026-09-14
GLC7383,"Tuitung village, Khengjoi",23.899,94.1434,Manipur,0.5940901878187846,2026-09-14
GLC7373,between Maku village and Kamjong sub division,24.9111,94.4759,Manipur,0.5929637056875652,2026-09-14
GLC7389,between Bongyang and Lokchao along the Imphal-Moreh highway,24.4072,94.0644,Manipur,0.42853799681960875,2026-09-14
GLC7371,near S Lamphei Lamkhai and Sehlon village,23.9939,94.0573,Manipur,0.7249306532041051,2026-09-14
GLC7388,Senam,24.416,94.0984,Manipur,0.41079260062685286,2026-09-14
GLC7374,Ukhrul town Circular road from Rayotang to Viewland Zone II,25.1122,94.3591,Manipur,0.38397605117756833,2026-09-14
GLC7409,Meluri Sub-Division in Phek District of Nagaland,25.72,94.6219,Nagaland,0.5507649003623393,2026-09-14
GLC7666,Tousem,25.1019,93.3729,Manipur,0.38553813109686014,2026-09-14
GLC7664,Nungba,24.7459,93.4251,Manipur,0.409337960871121,2026-09-14
GLC7665,Khoupum,24.7016,93.5291,Manipur,0.2004048145518125,2026-09-14
GLC7660,Phesama village,25.6237,94.1136,Nagaland,0.3956981419874709,2026-09-14
GLC7887,Hawai,27.8835,96.9262,Arunachal Pradesh,0.31164883300859086,2026-09-14
GLC7335,Tura Civil Hospital,25.5145,90.2023,Meghalaya,0.8185531705499974,2026-09-14
GLC7334,Arunachal Pradesh,28.1737,94.7596,Arunachal Pradesh,0.3975501415001459,2026-09-14
GLC7701,Phesama,25.6278,94.1051,Nagaland,0.6568529802783405,2026-09-14
GLC7699,Zunheboto district,26.0214,94.5224,Nagaland,0.5081510698052576,2026-09-14
GLC7589,National Highway 44,25.2568,92.3825,Meghalaya,0.7209762044941609,2026-09-14
GLC7590,Tongseng,25.1416,92.3807,Meghalaya,0.5624390006398541,2026-09-14
GLC7706,National Highway at Kuliang,25.0728,92.3636,Meghalaya,0.6002164016589625,2026-09-14
GLC7336,NH-62 at Sibbari,25.2193,90.5549,Meghalaya,0.4480648627008532,2026-09-14
GLC7727,between Phesama and Kuima in Nagaland,25.6263,94.1057,Nagaland,0.7112051977541535,2026-09-14
GLC7728,Natonal Highway in Jorabat area,26.1028,91.8806,Assam,0.5895263075742053,2026-09-14
GLC7780,Sailam village,23.3572,92.7878,Mizoram,0.6470863976196602,2026-09-14
GLC7778,Phullen’s main road,23.8447,93.0514,Mizoram,0.5571131668281363,2026-09-14
GLC7836,"National Highway 54, at Kawnpui town",24.042,92.6724,Mizoram,0.6593281424007493,2026-09-14
GLC7933,Maligaon,26.1868,91.6739,Assam,0.5583375343405556,2026-09-14
GLC7923,Amingaon,26.49349035,91.72137514,Assam,0.2400309352591665,2026-09-14
GLC7956,Byrnihat,26.048,91.8695,Meghalaya,0.3747396659431033,2026-09-14
GLC8012,"Umling, Meghalaya 793102, India",25.9703,91.8584,Meghalaya,0.2811464311673058,2026-09-14
GLC8224,"Aizawl, Mizoram, India",23.7313,92.7187,Mizoram,0.6556896735197462,2026-09-14
GLC8223,"Aizawl, Mizoram, India",23.7348,92.7187,Mizoram,0.6811440941646277,2026-09-14
GLC8339,Kamakhya Temple,26.1666,91.7042,Assam,0.8959202734820709,2026-09-14
GLC8366,"Shillong, Meghalaya, India",25.583,91.893,Meghalaya,0.3735992130798093,2026-09-14
GLC9405,"Techahan Ward, Mon, Nagaland, India",26.7223,95.0243,Nagaland,0.2985385187309724,2026-09-14
GLC7655,"Tawang, Arunachal Pradesh",27.5799,91.8569,Arunachal Pradesh,0.28567744930954764,2026-09-14
GLC9404,"Hayuliang, Anjaw district,Arunachal Pradesh, India",28.0822,96.5316,Arunachal Pradesh,0.08751933422229025,2026-09-14
GLC9335,"Bilaipur, Hailakandi district, Assam, India",24.5202,92.7239,Assam,0.5397659371173015,2026-09-14
GLC9338,"Sonachirra, Karimganj district, Assam, India",24.4638,92.4943,Assam,0.7243006674543249,2026-09-14
GLC9334,"Bilaipur, Hailakandi district, Assam, India",24.5204,92.7264,Assam,0.5061161330566722,2026-09-14
GLC9168,"NH 13 10 kilometers from Old Ziro, Arunachal Pradesh, India",27.6438,93.871,Arunachal Pradesh,0.32366943552185773,2026-09-14
GLC9142,"lower Majakong Ward, Mokokchung, Nagaland, India",26.3185,94.5247,Nagaland,0.7156558723155604,2026-09-14
GLC8222,"Piyali Phukan Nagar, Guwahati, India",26.1961,91.7825,Assam,0.8239716480817963,2026-09-14
GLC8237,"Old Inspection Bungalow, Bhalukpong town, West Kameng, Arunachal Pradesh, India",27.0136,92.6351,Arunachal Pradesh,0.12882018431260747,2026-09-14
GLC8900,"Imphal-Ukhrul sector of National Highway 102, Manipur, India",25.0118,94.3136,Manipur,0.19563419303252988,2026-09-14
GLC8684,"Kamrup district, Assam, India",25.9611,91.3681,Assam,0.5051474544835735,2026-09-14
GLC8901,"National Highway 2, near Kohima, Nagaland, India",25.7902,94.1318,Nagaland,0.4916057254718877,2026-09-14
GLC8930,"North Point Colony, Akuluto, Nagaland, India",26.1699,94.4922,Nagaland,0.5933410168316118,2026-09-14
GLC8995,"Noonmati Nijarapar area of the city, Guwahati, Assam, India",26.1963,91.8074,Assam,0.6543221012359861,2026-09-14
GLC8996,"Pub Sarania hill, South Sarania, Guwahati, Assam, India",26.1768,91.7702,Assam,0.7452185417740231,2026-09-14
GLC9051,"12th Mile area at Jorabat, Meghalaya, India",26.09748244,91.8744337,Meghalaya,0.5280837161074273,2026-09-14
GLC9124,"Rongthragittim Songittal village, near Sibbari, South Garo Hills District, Meghalaya, India",25.203,90.5573,Meghalaya,0.4472654095086758,2026-09-14
GLC9186,"Imphal-Dimapur road  in Tadubi, Senapati district, Manipur, India",25.48,94.1383,Manipur,0.49309688084812336,2026-09-14
GLC9219,"Zunheboto, Nagaland, India",26.0101,94.5282,Nagaland,0.6144716644121014,2026-09-14
GLC9251,"Government Middle School (GMS) Kiphire station “B”, Kiphire, Nagaland, India",25.8702,94.7844,Nagaland,0.46996020422807766,2026-09-14
GLC9232,"Ngur, near Mizoram-Myanmar border, India",23.5397,93.3783,Mizoram,0.6341669228278464,2026-09-14
GLC9252,"Dolma Lhakang complex, Lumla, Tawang,  Arunachal Pradesh, India",27.5748,91.8644,Arunachal Pradesh,0.17472616868787566,2026-09-14
GLC9464,Babrang village under Jang circle in Tawang district,27.5754,91.9754,Arunachal Pradesh,0.2135889167098131,2026-09-14
LS1,Tlangval,23.73,92.72,Mizoram,0.8215379923416792,2026-09-14
GLC9620,Rangpo,27.172,88.5292,Sikkim,0.41070681605355175,2026-09-14
GLC9619,Namchi,27.1695,88.3664,Sikkim,0.17999231563182685,2026-09-14
LS2,College Veng,23.72,92.72,Mizoram,0.6934973005700966,2026-09-14
LS3,Durtlang Leitan,23.77,92.74,Mizoram,0.6882073958486086,2026-09-14
LS5,"Ngaizel, Kulikawn",23.73,92.73,Mizoram,0.7779887928224545,2026-09-14
LS6,Melthum quarry,23.7,92.72,Mizoram,0.7810502626689078,2026-09-14
LS8,Salem Veng,23.74,92.72,Mizoram,0.8209384593787586,2026-09-14
LS9,Falkawn,23.68,92.73,Mizoram,0.602016869618064,2026-09-14
LS10,Chawnpui,23.72,92.71,Mizoram,0.6775746762193251,2026-09-14
LS13,"NH-6, Hunthar",23.74,92.71,Mizoram,0.7387336070403602,2026-09-14
LS14,Thuampui,23.75,92.73,Mizoram,0.6265211904529447,2026-09-14
LS15,Zemabawk,23.76,92.74,Mizoram,0.6223938447953734,2026-09-14
LS16,Zuangtui,23.76,92.73,Mizoram,0.6598211426949553,2026-09-14
LS17,Kawnpui,24.03,92.62,Mizoram,0.5506527493642244,2026-09-14
