id,location,lat,lon,state
GLC57,"Sikkim, 13 km north of Gangtok",27.4459,88.6193,Sikkim
GLC78,"Pangthang, on road b/t Gangtok and North Sikkim",27.3383,88.6069,Sikkim
GLC126,Bardang near Singtam,27.1499,88.38,Sikkim
GLC141,Singtam,25.38,91.88,Meghalaya
GLC147,Lawngtlai,22.533,92.899,Mizoram
GLC148,Saiha,22.479,92.967,Mizoram
GLC212,National Highway No 44 at Sonarpur in Meghalaya,25.5576,91.8506,Meghalaya
GLC213,Shillong Road at Kuliang in the Jaintia Hills,25.2946,92.8339,Assam
GLC215,Phesema area at National Highway 39,25.7428,93.9136,Nagaland
GLC220,"Velnal village, Tamei sub-division and Toribari village (3 kilometer toward Tamei from Kangpokpi)",25.1333,93.9667,Manipur
GLC247,"Lower Shajouba village near Tadubi along NH 39, Manipur",25.0604,93.9877,Manipur
GLC256,Rhodong village near Rhey in East Sikkim,27.3425,88.6236,Sikkim
GLC255,Wamkhu village along the Tengnoupal-Joupi road in Chandel district,24.2451,94.0691,Manipur
GLC258,"NH-39 at Imphal-Moreh section, Lokchao largest event",24.4279,94.0564,Manipur
GLC269,Geyzing-Jorethang road and Naya Bazar-Legship road,27.2872,88.2816,Sikkim
GLC285,"National Highway, 45 Aizwal (Mizoram)",24.1293,92.6921,Mizoram
GLC322,National Highway 53 at Nungba in Tamenglong district of Manipur,24.75,93.4333,Assam
GLC545,"A Cachar District village, near village of Srinager, Assam",24.9849,92.8411,Assam
GLC580,"near Kuloor church, in Manipur along National Highway",24.6596,93.9784,Manipur
GLC585,"Itanagar-Naharlagun, Arunachal Pradesh",27.0998,93.6287,Arunachal Pradesh
GLC587,"Lakhimpur district, Bihpuria, Assam",27.2298,94.0989,Assam
GLC594,"Namkaoluang village, Tamenglong-Sangrung (Khongsang) road, NH-53, Manipur",24.9336,93.8275,Manipur
GLC692,"National Highway-39, Dimapur-Imphal road and another under Kiphire district of Nagaland",25.705,94.04,Nagaland
GLC714,"Kimin-Ziro road in Papum Pare district, road between Doimukh and Sagalee, Doimukh-Hoj road; Arunacha",27.163,94.0,Assam
GLC731,"Akuk village, Wokha District, Nagaland",26.138,94.25,Nagaland
GLC755,"Ranka, Sikkim and Louing road",27.337,88.609,Sikkim
GLC760,"Kohima, Nagaland",25.67,94.1066,Nagaland
GLC870,"West Kameng, Arunachal Pradesh",27.4,92.35,Arunachal Pradesh
GLC869,North Lakhimpur,27.2333,94.1167,Assam
GLC868,"Kamrup, and Sonitpur, Assam",26.3333,91.25,Assam
GLC1061,"4th Mile, Lower Mangshila in North Sikkim",27.478,88.527,Sikkim
GLC1084,"Upper Subansiri District, Arunanchal Pradesh",27.7,92.8,Arunachal Pradesh
GLC1109,Lumding-Badarpur section in North Cachar Hills district,25.5215,93.1645,Assam
GLC1112,"NH31A, Mile 27 near Rambi",27.1761,88.5287,Sikkim
GLC1108,"Tamei, Tamenglong district on Imphal-Tamenglong (IT) road",24.9925,93.5,Assam
GLC1125,"17th Mile towards Tsomgo Lake, near Kyongsala, Sikkim",27.3746,88.7648,Sikkim
GLC1127,between Mahur and Phaiding railway stations on Barail hills (Mahur and Barail hills located),25.1718,93.123,Assam
GLC1129,"Road stretch from Gammom to Chamu village, under Kamjong block, Ukhrul district, Manipur",24.8628,94.4182,Manipur
GLC1168,"4th Mile on road between Rongli, Rhenock and Rangpo in East Sikkim.",27.1954,88.6115,Sikkim
GLC1222,"Chhinga Veng, Aizawl",23.73478778,92.72124394,Mizoram
GLC1596,"LangthAbal Khoupum, Imphal, Manipur",24.7339,93.9161,Manipur
GLC1611,"Paglanala village, Dholai Block, near Dwarbandh locality of the district, Cachar district (could onl",25.1553,93.028,Assam
GLC1613,"Koloriang, Kuring Kumey district, Arunachal Pradesh",27.8997,93.3497,Arunachal Pradesh
GLC1755,"Natl. Highway 31-A at Pani House(?), Gangtok",27.3341,88.6083,Sikkim
GLC1756,"Nam Nang, Gangtok",27.322,88.6087,Sikkim
GLC1771,"Raj Bhavan Guwahati, Assam",26.1978,91.7665,Assam
GLC1770,"Kharghuli, Guwahati, Assam",26.1965,91.763,Assam
GLC1775,Arunachal Pradesh,27.8965,96.1779,Arunachal Pradesh
GLC1857,"National highway 44 at Sunapur and Tongseng in Jaintia Hills district, eastern Meghalaya",25.3433,92.2897,Meghalaya
GLC1930,"Anini-Roing road,  Dibang Valley,  Arunachal Pradesh",28.4298,95.8776,Arunachal Pradesh
GLC1929,"North Sikkiim Highway, periphery of Gangtok, Sikkim East district",27.3543,88.6428,Sikkim
GLC1935,"atharamura hills, Highway 44, Tripura",23.8986,91.7599,Tripura
GLC1934,Rongpur village under Bhairabhnagar panchayat in Karimganj district,24.6005,92.3814,Assam
GLC1954,"Irang(?) and Barak(?) and Makru(?) on highway 53 between Imphal and Jiribam, Manipur",24.7543,93.5039,Manipur
GLC1961,"Ishok Chingphu(?), Bishnupur, Assam",25.8833,91.2,Meghalaya
GLC1994,"rails between Jatinga and Longrangjao(?), Assam",25.0633,92.8025,Assam
GLC1996,"Shayoung Ward(?), Longleng, Nagaland",26.4333,94.8833,Nagaland
GLC2025,"Police CID complex(?), Shillong, Meghalaya",25.5728,91.885,Meghalaya
GLC2026,"Borsorsa(?), West Khasi Hills, Meghalaya",25.4916,91.2698,Meghalaya
GLC2045,"Tuensang, Nagaland",26.2363,94.8133,Nagaland
GLC2044,"Kiphire,  Nagaland",25.8877,94.7861,Nagaland
GLC2042,"Zunheboto, Nagaland",26.0093,94.5238,Nagaland
GLC2098,"Jahjon ward(?), Mon town, Nagaland",26.7215,95.0283,Nagaland
GLC2106,"road to Oting near Longlam village, 13 km from Tizit subdivision, Mon district, Nagaland",26.8716,94.9921,Nagaland
GLC2113,"Singtam-Mangan rd, Sikkim",27.3773,88.559,Sikkim
GLC2112,"Zang(?), east Sikkim",27.5509,88.6475,Sikkim
GLC2140,"road between Halfong and Redzol(?) or Silchar, Assam",25.0477,92.801,Assam
GLC2164,"Chingai-Kuingai(Quingai) route (16 kms), Chingai subdivision, Ukhrul district, Manipur",25.3098633,94.48214677,Manipur
GLC2166,"Highway 53 at Tupul, Tamenglong district",24.9786,93.5027,Assam
GLC2182,Dimapur-Imphal highway (NH 39) near Manipur,24.9356,93.8443,Manipur
GLC2205,"Dawrpui Vengthar cemetary, Aizwal, Mizoram",23.7365,92.7146,Mizoram
GLC2243,"NH-39 near Kohima Municipality Council(KMC) dumping ground, between Zubza(Sechu) and Kohima, Nagalan",25.70223725,94.04619681,Nagaland
GLC2249,"Kiphire-Tuensang rd, Nagaland",26.0814,94.803,Nagaland
GLC2248,"Noklak-Tuensang road, Nagaland",26.222,94.9152,Nagaland
GLC2253,"Chingai-Kuingai(Quingai) route (16 kms), Chingai subdivision, Ukhrul district, Manipur",25.31006064,94.48265093,Manipur
GLC2282,"Tuensang-Kohima rd, 3 km outside Tuensang, Nagaland",26.1984,94.8158,Nagaland
GLC2283,"2 km from Khongsang village(?), road between Tamenglong and Imphal or Nungba, Manipur",24.8961,93.4957,Manipur
GLC2281,"Kisima, Nagaland",25.61560252,94.11603493,Nagaland
GLC2296,"many locations around Namchi, Sikkim",27.167,88.3652,Sikkim
GLC2304,"NH 39 at Kigwema(?), between Mao Gate and Kohima, Nagaland",25.5718,94.1211,Nagaland
GLC2344,"NH-53 at Nungba police station, Kambirong(?), Manipur",24.7505,93.4221,Assam
GLC2343,"NH-39 at Ekai village(?), 2 km for Tadubi, Manipur",25.4786,94.1327,Nagaland
GLC2345,"Daragaon(?), Gangtok city, Sikkim",27.3392,88.6188,Sikkim
GLC2392,"17th mile(?), Jawaharlal Nehru Marg hwy, between Gangtok and Nathu La, Sikkim",27.3702,88.7334,Sikkim
GLC2405,"Mossing(Mosing) village(?), Upper Siang district, Arunachal Pradesh",28.3036,95.4112,Arunachal Pradesh
GLC2411,"districts Lakhimpur, Dhemaji, Golaghat, and Sonitpur, Assam province",27.0011,93.7273,Arunachal Pradesh
GLC2424,"near Tuivawl(?), Aizawl-Champhai rd, Aizawl district, Mizoram",23.591,92.9296,Mizoram
GLC2421,"road to Muanna Godown, Zuangtui, Mizoram",23.75406693,92.74128531,Mizoram
GLC2422,"Hunthar Veng, Mizoram",23.74182634,92.7141905,Mizoram
GLC2426,"Hual(Hu) village(?), Lunglei-Lawngtlai rd, Mizoram",22.7176,92.8416,Mizoram
GLC2423,"road to Kanan Veng from Hunthar Veng, Mizoram",23.73504471,92.71060943,Mizoram
GLC2425,"near Tuichang(?) on Tuichang river, Aizawl-Champhai rd, Mizoram",23.3439,93.0748,Mizoram
GLC2436,"Taithu village, Churanchandpur district, Mizoram, Manipur",24.3069,93.125,Mizoram
GLC2437,"Aizawl-Lengpui rd 3km from Aizawl, Mizoram, Manipur",23.7527,92.694,Mizoram
GLC2566,"Sahong, Tabu and Pani village under Tadubi police station of Senapati district, NH-39",25.4769,94.1351,Nagaland
GLC2567,"Phek, Manipur",25.6633,94.4703,Manipur
GLC2570,"Tharon(?) and Langol Tarung villages, Thangmeiband constituency, Imphal, Manipur",24.837,93.9128,Manipur
GLC2569,"Bungte Chiru village(?), Senapati district, Manipur",25.2745,94.0212,Nagaland
GLC2568,"Nungba, Tamenglong, Manipur",24.7679,93.4108,Assam
GLC2578,"NH-39 in Karong area, Manipur",25.3179,94.0462,Nagaland
GLC2575,"road between Haflong and Lanka, Assam",25.5242,92.9914,Assam
GLC2577,"NH-39 near Khongnem(?) village, between Imphal and Dimapur, Manipur",25.5265,93.8673,Nagaland
GLC2576,"NH-39 at Tobio village(?), 7 km form Tadubi, Manipur",25.4788,94.1399,Nagaland
GLC2579,"Lower Pezielietsie(Tinpati), Kohima, Manipur",25.682,94.1076,Nagaland
GLC2587,"Lower Chandmari area, PWD department, Kohima, Manipur",25.6623,94.1072,Nagaland
GLC2743,"Tawang Monastery, Arunachal Pradesh",27.5798729,91.85672387,Arunachal Pradesh
GLC3269,"road from other districts to Hawai(Tawai?) which is  on Lojit river, near Hayuliang,  Anjaw district",28.0791,96.5242,Arunachal Pradesh
GLC3525,"Kaiphundai(?)-Tousem(in Assam) road, Tamenglong district, Manipur",25.0672,93.4093,Assam
GLC3532,"Silchar-Haflong rd., at Reko(Rekha )(?), near Harangajao, Barail Hills, Assam",25.0888,92.8551,Assam
GLC3560,"Gaoilung(Gadailong) village(?), Ward 4(?), Tamenglong, Manipur",24.8286,93.5935,Manipur
GLC3556,"Roads between Tamei(Tamma?), Kangpokpi and Chalwa, Manipur",25.1555,93.8474,Manipur
GLC3633,Mokokchung,26.3186,94.5121,Nagaland
GLC3637,"Lasumi village in Phek district, Kohima",25.51614662,94.2341227,Nagaland
GLC3663,"Ruzapfu valley, Kikruma Village, Phek District, Nagaland",25.6682,94.1099,Nagaland
GLC3662,"Ikou-Gangpijang road, near: Ikou, Saikul, and Gangpijang; Imphal India",25.03561729,94.0144205,Manipur
GLC3672,"Portions of NH 39, Connectin Manipur with Assam via Nagaland",25.5125,93.3613,Assam
GLC3683,NH-61 between Botsa and Chiechama,25.8782,94.1739,Nagaland
GLC3738,"National Highway 53, Sinam Khul (near Kotlen; ~25 km from Imphal)",24.8063,93.9482,Manipur
GLC3741,Maram (80 km north of Imphal),25.4191,94.1079,Nagaland
GLC3760,"NH-61, 1 km before reaching Botsa",25.6703,94.1095,Nagaland
GLC3776,Itanagar/Naharlagur/Nirjuli,27.125,93.7145,Arunachal Pradesh
GLC3789,Mebua (8 km from Seppa),27.2743,92.9064,Arunachal Pradesh
GLC3806,"Itanagar (one near Pachali power house, one near Heema Hospital, and one nearRomik Colony at P Secto",27.1032,93.6884,Arunachal Pradesh
GLC3805,200 meters from Teesta Bridge towards Siliguri,27.05374234,88.42572376,Sikkim
GLC3830,Manipur,24.3527,94.3429,Manipur
GLC3837,NH 37,26.5836,93.0038,Assam
GLC3840,Manipur,24.6869,93.9157,Manipur
GLC3860,"Maram, Manipur",25.4192,94.108,Nagaland
GLC3881,Itanagar,27.1034,93.6885,Arunachal Pradesh
GLC3912,East Kameng district in Arunachal Pradesh bordering China,27.44,92.2833,Arunachal Pradesh
GLC3916,"Chumukedima, Dimapur",25.7713,93.8067,Assam
GLC3925,"East Kameng, Arunachal Pradesh",27.4888,93.0153,Arunachal Pradesh
GLC3965,NH 37 at Awang Khul,24.808,93.117,Assam
GLC3983,"Maighuli, Guwahati, Meghalaya",26.1548,91.7351,Assam
GLC4241,Tamei constituency in Tamenlong district,25.1604,93.6795,Manipur
GLC4313,"Endulin Nallah, Mayodia, 17-camp, 83-camp",28.4659,95.86,Arunachal Pradesh
GLC4377,"Guwahati, Assam",26.1475,91.7356,Assam
GLC4378,"Arunachal Pradesh, Dibang,",28.8254,96.1517,Arunachal Pradesh
GLC4382,"between Harangajao and Mailongdisa, Assa,",25.1175,92.8573,Assam
GLC4385,"lachen, Sikkim",27.7167,88.5577,Sikkim
GLC4394,"Rolep, South Sikkim( Mapping to Rhenock 12 miles from Rolep)",27.1748,88.6458,Sikkim
GLC4393,"Nathang Maong, Sikkim",27.7565,88.632,Sikkim
GLC4403,"Imphal-Jiribam section of NH-37 , Manipur",24.8142,93.5444,Manipur
GLC4407,"NH44, Malidhor area,  Baleswar",25.0951,92.3567,Assam
GLC4408,"NH44, Kuliang",25.5498,92.0757,Meghalaya
GLC4424,"Lalunggaon, Guwahati,  Assam",26.149,91.7351,Assam
GLC4426,Lalunggaon near Gorchuk area,26.1226,91.7162,Assam
GLC4435,"Tirap , Arunachal Pradesh",27.174,95.8011,Arunachal Pradesh
GLC4436,"Khonsa, Arunachal Pradesh",26.9986,95.4993,Arunachal Pradesh
GLC4434,"Sonaighuli area near Kahilipara, Guwahati City, Assam",26.1049,91.7369,Assam
GLC4446,"Tuting, Upper Siang , Arunachal Pradesh",28.9986,94.8885,Arunachal Pradesh
GLC4556,"Namchi to Phongla, Namchi to Melli ,Namchi to Sumbuk",27.1675,88.3651,Sikkim
GLC4570,Arunachal Pradesh,27.8458,95.2253,Arunachal Pradesh
GLC4610,"Dapchhuah, Mamit, Mizoram",23.7705,92.5217,Mizoram
GLC4757,"East Siang, Arunachal Pradesh",28.1193,95.1645,Arunachal Pradesh
GLC4798,"Dibang Valley, Arunachal Pradesh",28.8254,96.1509,Arunachal Pradesh
GLC4845,"Kolasib, Saiha, Mizoram,",24.2315,92.6755,Mizoram
GLC4858,"Nursery, North Guwahati, Guwahati, Assam,",26.1662,91.7138,Assam
GLC4859,"Sarania Hills, North Guwahati, Guwahati, Assam,",26.1771,91.7599,Assam
GLC4857,"Laipuitland , Aizawl, Mizoram",23.7281,92.7175,Mizoram
GLC4860,"Boragaon, North Guwahati, Guwahati, Assam,",26.1016,91.6906,Assam
GLC4892,Upper Subansiri,27.8776,94.25,Arunachal Pradesh
GLC4906,"Helipong-Chessore Road, Nagaland",26.0977,94.7499,Nagaland
GLC4905,"Kuthur – Huker Road Via Y Anner, Chessore, Nagaland",26.0977,94.7031,Nagaland
GLC4908,"15 Km From Gangtok, Himalayans",27.3721,88.708,Sikkim
GLC4990,"Near Changu Lake, 15Km Away From Nathu La, On India-China Border In Eastern Sikkim",27.3765,88.7628,Sikkim
GLC5006,"Thillong Village, Doyang Along State Highway 1, Wokha To Merapani Road",26.1147,94.3864,Nagaland
GLC5005,"Walo Ward, Mon Town, Wokha District, Nagaland",26.72,95.029,Nagaland
GLC5084,"National Highway 2 Near Phesama Village Close To Kisama Naha Heritage Site, Kohima District, Nagalan",25.616,94.1167,Nagaland
GLC5087,"National Highway 29 Near Phesama Village, Nagaland",25.6269,94.1139,Nagaland
GLC5122,"National Highway 29 Between Patkai Bridge And Kukidolong, Nagaland",25.7658,93.9413,Nagaland
GLC5123,"National Highway 2 Near Meriema Village, 10 Km Away From Kohima",25.7131,94.0885,Nagaland
GLC5250,"Polo River At Polosang, Arunachal Pradesh",27.8837,93.0515,Arunachal Pradesh
GLC5271,"Nanga, Nagaland",26.284,94.5808,Nagaland
GLC5268,"Zunheboto, Nagaland",26.0137,94.5163,Nagaland
GLC5269,"Tizu, Nagaland",25.8376,94.5234,Nagaland
GLC5270,"Phizo, Nagaland",26.0481,94.4619,Nagaland
GLC5273,"Zhekuto, Nagaland",26.1807,94.5497,Nagaland
GLC5272,"Longsa, Nagaland",26.2083,94.5438,Nagaland
GLC5274,"Suruhuto Town, Nagaland",26.0838,94.564,Nagaland
GLC5275,"Suruhuto Town, Nagaland",26.1498,94.6055,Nagaland
GLC5300,"Senapati, Manipur",25.318,94.0441,Nagaland
GLC5312,Kangtsung Village,26.7103,94.693,Assam
GLC5427,"Koide Government High School, Senapati, Manipur",25.3833,94.1884,Nagaland
GLC5338,"Longlem, Nagaland",26.8727,94.9275,Assam
GLC5337,"Yakshu, Nagaland",26.4205,94.9731,Nagaland
GLC5336,"Tobu, Nagaland",26.3897,94.9439,Nagaland
GLC5343,The Imphal-Jiribam Section Of Nh-37 In Tamenglong District,24.7625,93.4341,Assam
GLC5431,"Tamenglong, Manipur",24.9829,93.5063,Assam
GLC5430,"Tamenglong- Khongsang Road, Manipur",24.9037,93.487,Manipur
GLC5429,Tamabong Village In Sikkim State,27.3425,88.2426,Sikkim
GLC5442,Arunachal Pradesh,27.1614,93.7525,Arunachal Pradesh
GLC5441,"Gosang Village Under Jengging Circle, Arunachal Pradesh",28.611,94.9829,Arunachal Pradesh
GLC5476,14 Milestone Of J N Marg Near Kyangnosola (East Sikkim),27.3736,88.7323,Sikkim
GLC5552,"Ukhrul, Manipur",25.0985,94.3619,Manipur
GLC5575,"Chiechama, Nagaland",25.8266,94.1497,Nagaland
GLC5582,"Batahguli, Guwahati, Assam",26.1309,91.8383,Assam
GLC5603,"Tusom, Manipur",25.426,94.6024,Manipur
GLC6015,Lohit District of Arunachal Pradesh,27.9032,96.174,Arunachal Pradesh
GLC6016,"Satgarakul Village, Karimganj, Assam State",24.8669,92.3576,Assam
GLC6105,Arunachal Pradesh,28.9205,95.3429,Arunachal Pradesh
GLC6106,Narakasur,26.1407,91.7645,Assam
GLC6107,Bamunimaidam,26.1844,91.7896,Assam
GLC6110,"Bhangagarh, Assam",26.1619,91.7697,Assam
GLC6143,"Zembabawk, Aizawl",23.7327,92.7463,Mizoram
GLC6513,Sabroom,23.0137,91.7174,Tripura
GLC6200,Arunachal Pradesh/Itanagar,27.0869,93.6086,Arunachal Pradesh
GLC6288,Noonmati,26.1985,91.7998,Assam
GLC6283,Dakhingaon,26.1314,91.7548,Assam
GLC6286,Garchuk,26.1044,91.7082,Assam
GLC6284,Batahghuli,26.1324,91.8342,Assam
GLC6287,Dhirenpara,26.1295,91.7056,Assam
GLC6285,VIP Road,26.159,91.8178,Assam
GLC6292,Hatsingimari,25.7238,89.9032,Assam
GLC6290,Mawbah under Mawprem area,25.5772,91.8666,Meghalaya
GLC6222,Karsingsa block point,27.1249,93.7706,Arunachal Pradesh
GLC6293,South West Garo Hills,25.5006,90.0896,Meghalaya
GLC7591,Ratacherra,25.0318,92.4584,Assam
GLC7031,"Bop, Sikkim",27.6163,88.6586,Sikkim
GLC6971,"Itanagar, Arunachal Pradesh",27.0987,93.816,Arunachal Pradesh
GLC6968,"Ratacherra village along the NH-44 connecting to Barak Valley in Assam and Tripura, Meghalaya, Mizor",25.463,92.2121,Meghalaya
GLC6969,"Nakham Bazaar, Tura, Meghalaya",25.5114,90.215,Meghalaya
GLC6970,Akonggre,25.5084,90.2191,Meghalaya
GLC6963,"Muanna locality, Mizoram",23.7131,92.7362,Mizoram
GLC6945,"amei to Kangpokpi via Imphal road, 0.5 km from Tamei, Tamenglang District",25.16,93.686,Manipur
GLC6990,"New Land (""""New Colony"""")",26.0319,94.5466,Nagaland
GLC7214,Type-IV Colony of Seppa in East Kameng,27.36,93.0385,Arunachal Pradesh
GLC7263,"15 kms from Maram, National Highway-102/A (Maram Peren road)",25.4477,94.0489,Manipur
GLC7264,22 kms to 30 kms between Sangkungmai and Willong,25.4538,93.9827,Manipur
GLC7253,Lakhipur,24.7979,92.9974,Assam
GLC7265,Willong-Yangkhullen stretch,25.5007,93.9854,Manipur
GLC7266,Yangkhullen-Tamphung road till Nagaland border,25.5098,93.8794,Manipur
GLC7279,Tamenglong Ward No-IV,24.9818,93.5142,Manipur
GLC7276,,26.1062,91.8717,Assam
GLC7364,Phungyar road,24.819,94.3551,Manipur
GLC7372,Naga Gate along the Ukhrul-Imphal route,25.0634,94.3415,Manipur
GLC7370,between Moltuk to New Songjang village,24.1419,94.1078,Manipur
GLC7385,"Holenjang, Chandel district",24.004,93.9815,Manipur
GLC7369,between Chalong and Paraolon,24.1988,94.1016,Manipur
GLC7383,"Tuitung village, Khengjoi",23.899,94.1434,Manipur
GLC7373,between Maku village and Kamjong sub division,24.9111,94.4759,Manipur
GLC7389,between Bongyang and Lokchao along the Imphal-Moreh highway,24.4072,94.0644,Manipur
GLC7371,near S Lamphei Lamkhai and Sehlon village,23.9939,94.0573,Manipur
GLC7388,Senam,24.416,94.0984,Manipur
GLC7374,Ukhrul town Circular road from Rayotang to Viewland Zone II,25.1122,94.3591,Manipur
GLC7409,Meluri Sub-Division in Phek District of Nagaland,25.72,94.6219,Nagaland
GLC7666,Tousem,25.1019,93.3729,Manipur
GLC7664,Nungba,24.7459,93.4251,Manipur
GLC7665,Khoupum,24.7016,93.5291,Manipur
GLC7660,Phesama village,25.6237,94.1136,Nagaland
GLC7887,Hawai,27.8835,96.9262,Arunachal Pradesh
GLC7335,Tura Civil Hospital,25.5145,90.2023,Meghalaya
GLC7334,Arunachal Pradesh,28.1737,94.7596,Arunachal Pradesh
GLC7701,Phesama,25.6278,94.1051,Nagaland
GLC7699,Zunheboto district,26.0214,94.5224,Nagaland
GLC7589,National Highway 44,25.2568,92.3825,Meghalaya
GLC7590,Tongseng,25.1416,92.3807,Meghalaya
GLC7706,National Highway at Kuliang,25.0728,92.3636,Meghalaya
GLC7336,NH-62 at Sibbari,25.2193,90.5549,Meghalaya
GLC7727,between Phesama and Kuima in Nagaland,25.6263,94.1057,Nagaland
GLC7728,Natonal Highway in Jorabat area,26.1028,91.8806,Assam
GLC7780,Sailam village,23.3572,92.7878,Mizoram
GLC7778,Phullen’s main road,23.8447,93.0514,Mizoram
GLC7836,"National Highway 54, at Kawnpui town",24.042,92.6724,Mizoram
GLC7933,Maligaon,26.1868,91.6739,Assam
GLC7923,Amingaon,26.49349035,91.72137514,Assam
GLC7956,Byrnihat,26.048,91.8695,Meghalaya
GLC8012,"Umling, Meghalaya 793102, India",25.9703,91.8584,Meghalaya
GLC8224,"Aizawl, Mizoram, India",23.7313,92.7187,Mizoram
GLC8223,"Aizawl, Mizoram, India",23.7348,92.7187,Mizoram
GLC8339,Kamakhya Temple,26.1666,91.7042,Assam
GLC8366,"Shillong, Meghalaya, India",25.583,91.893,Meghalaya
GLC9405,"Techahan Ward, Mon, Nagaland, India",26.7223,95.0243,Nagaland
GLC7655,"Tawang, Arunachal Pradesh",27.5799,91.8569,Arunachal Pradesh
GLC9404,"Hayuliang, Anjaw district,Arunachal Pradesh, India",28.0822,96.5316,Arunachal Pradesh
GLC9335,"Bilaipur, Hailakandi district, Assam, India",24.5202,92.7239,Assam
GLC9338,"Sonachirra, Karimganj district, Assam, India",24.4638,92.4943,Assam
GLC9334,"Bilaipur, Hailakandi district, Assam, India",24.5204,92.7264,Assam
GLC9168,"NH 13 10 kilometers from Old Ziro, Arunachal Pradesh, India",27.6438,93.871,Arunachal Pradesh
GLC9142,"lower Majakong Ward, Mokokchung, Nagaland, India",26.3185,94.5247,Nagaland
GLC8222,"Piyali Phukan Nagar, Guwahati, India",26.1961,91.7825,Assam
GLC8237,"Old Inspection Bungalow, Bhalukpong town, West Kameng, Arunachal Pradesh, India",27.0136,92.6351,Arunachal Pradesh
GLC8900,"Imphal-Ukhrul sector of National Highway 102, Manipur, India",25.0118,94.3136,Manipur
GLC8684,"Kamrup district, Assam, India",25.9611,91.3681,Assam
GLC8901,"National Highway 2, near Kohima, Nagaland, India",25.7902,94.1318,Nagaland
GLC8930,"North Point Colony, Akuluto, Nagaland, India",26.1699,94.4922,Nagaland
GLC8995,"Noonmati Nijarapar area of the city, Guwahati, Assam, India",26.1963,91.8074,Assam
GLC8996,"Pub Sarania hill, South Sarania, Guwahati, Assam, India",26.1768,91.7702,Assam
GLC9051,"12th Mile area at Jorabat, Meghalaya, India",26.09748244,91.8744337,Meghalaya
GLC9124,"Rongthragittim Songittal village, near Sibbari, South Garo Hills District, Meghalaya, India",25.203,90.5573,Meghalaya
GLC9186,"Imphal-Dimapur road  in Tadubi, Senapati district, Manipur, India",25.48,94.1383,Manipur
GLC9219,"Zunheboto, Nagaland, India",26.0101,94.5282,Nagaland
GLC9251,"Government Middle School (GMS) Kiphire station “B”, Kiphire, Nagaland, India",25.8702,94.7844,Nagaland
GLC9232,"Ngur, near Mizoram-Myanmar border, India",23.5397,93.3783,Mizoram
GLC9252,"Dolma Lhakang complex, Lumla, Tawang,  Arunachal Pradesh, India",27.5748,91.8644,Arunachal Pradesh
GLC9464,Babrang village under Jang circle in Tawang district,27.5754,91.9754,Arunachal Pradesh
LS1,Tlangval,23.73,92.72,Mizoram
GLC9620,Rangpo,27.172,88.5292,Sikkim
GLC9619,Namchi,27.1695,88.3664,Sikkim
LS2,College Veng,23.72,92.72,Mizoram
LS3,Durtlang Leitan,23.77,92.74,Mizoram
LS5,"Ngaizel, Kulikawn",23.73,92.73,Mizoram
LS6,Melthum quarry,23.7,92.72,Mizoram
LS8,Salem Veng,23.74,92.72,Mizoram
LS9,Falkawn,23.68,92.73,Mizoram
LS10,Chawnpui,23.72,92.71,Mizoram
LS13,"NH-6, Hunthar",23.74,92.71,Mizoram
LS14,Thuampui,23.75,92.73,Mizoram
LS15,Zemabawk,23.76,92.74,Mizoram
LS16,Zuangtui,23.76,92.73,Mizoram
LS17,Kawnpui,24.03,92.62,Mizoram
